Concelho;1980;1981;1982;1983;1984;1985;1986;1987;1988;1989;1990;1991;1992;1993;1994;1995;1996;1997;1998;1999;2000;2001;2002;2003;2004;2005;2006;2007;2008;2009;2010
Abrantes;27;2;17;24;27;0;5;47;43;49;17;26;41;16;18;181;121;78;115;167;145;152;70;71;68;75;33;36;33;37;27
Águeda;7;66;14;9;54;154;94;46;45;64;22;85;167;73;62;119;57;38;44;69;129;84;123;95;62;207;112;79;64;90;107
Aguiar da Beira;9;0;9;5;20;20;40;39;21;62;47;64;70;77;106;29;25;28;62;62;56;37;37;25;18;45;26;20;7;22;14
Alandroal;5;2;9;8;0;26;0;0;0;0;0;0;0;0;34;17;19;7;1;0;1;4;5;3;6;5;10;11;9;5;9
Albergaria-a-Velha;3;76;4;36;5;44;74;12;31;44;16;40;56;40;74;149;41;88;41;63;72;87;92;145;120;147;87;114;57;96;309
Albufeira;2;0;0;1;0;37;7;0;3;0;26;64;52;27;14;7;5;9;18;21;10;10;12;12;13;23;66;78;56;66;25
Alcácer do Sal;13;44;11;5;7;3;4;0;0;0;0;0;3;3;41;55;23;25;17;16;15;20;17;22;35;44;35;51;39;21;17
Alcanena;7;4;5;22;8;0;1;3;22;4;1;5;9;6;5;91;61;51;31;66;94;56;41;66;38;60;50;24;9;10;17
Alcobaça;2;21;21;52;34;4;1;2;30;132;26;23;14;23;57;171;121;121;95;164;169;126;132;130;84;136;67;101;85;63;42
Alcochete;7;18;0;3;2;0;0;0;0;0;0;0;1;0;1;33;31;25;45;41;58;14;10;10;8;12;38;34;15;13;14
Alcoutim;0;0;0;0;0;0;0;0;2;1;3;19;17;5;17;13;8;5;10;12;7;7;9;7;7;4;14;13;10;15;13
Alenquer;3;4;6;12;3;4;5;3;70;12;13;13;18;16;181;373;112;131;250;212;334;169;179;216;189;202;105;256;179;99;118
Alfândega da Fé;0;40;26;13;0;0;2;4;7;16;2;16;20;10;31;77;42;52;90;56;104;66;38;46;27;43;12;37;33;49;17
Alijó;1;11;34;36;29;113;13;15;5;81;53;88;59;29;90;142;147;135;189;111;221;200;145;54;88;134;121;72;59;81;66
Aljezur;6;25;1;0;0;15;7;2;2;3;13;25;19;23;17;27;10;9;30;17;6;6;5;8;14;12;20;20;26;22;12
Aljustrel;0;0;10;0;1;15;0;4;1;0;0;0;4;1;35;15;14;7;2;1;0;4;2;5;4;4;3;6;4;7;1
Almada;17;78;22;17;77;0;1;1;0;0;0;0;2;1;2;158;150;134;237;143;225;56;89;72;89;108;178;140;134;118;100
Almeida;0;0;10;10;45;37;17;55;80;109;95;77;24;35;102;91;59;78;89;73;69;52;29;40;42;49;36;31;40;56;25
Almeirim;2;0;6;8;3;0;2;0;11;3;1;2;4;4;14;29;13;14;18;29;52;23;18;36;15;13;12;19;13;23;8
Almodôvar;10;5;1;7;1;41;0;4;1;0;0;0;4;0;22;9;7;9;5;3;1;13;9;3;9;3;3;7;6;6;10
Alpiarça;1;0;6;7;2;0;0;1;17;0;1;1;2;2;4;27;6;12;19;14;27;20;7;12;6;10;14;20;16;7;9
Alter do Chão;0;1;6;6;0;5;10;0;0;0;0;0;12;2;11;7;5;5;1;2;1;7;3;3;3;3;8;0;0;1;2
Alvaiázere;5;0;28;62;44;26;44;31;8;33;6;54;35;20;27;34;12;8;20;26;75;23;32;29;32;46;18;7;23;15;34
Alvito;0;0;0;1;1;10;0;0;0;0;0;0;0;0;10;7;4;4;0;0;0;3;0;3;1;2;2;0;3;0;1
Amadora;10;21;0;9;9;7;0;0;0;0;0;0;0;0;1;0;131;80;121;91;132;35;35;38;55;19;69;45;27;22;20
Amarante;9;92;33;32;118;6;8;99;9;268;223;191;165;260;267;469;503;286;453;288;407;400;413;486;354;451;257;206;134;556;427
Amares;2;0;24;1;24;1;1;36;4;107;5;55;69;66;82;109;114;76;150;75;71;72;38;54;34;64;76;83;44;105;58
Anadia;0;0;1;0;13;71;49;25;19;40;11;61;79;29;64;76;27;30;28;29;44;64;55;44;53;61;23;37;26;41;52
Ansião;0;0;7;15;13;48;20;2;0;9;5;32;53;37;24;21;24;17;16;16;22;15;25;20;15;27;14;18;14;16;28
Arcos de Valdevez;19;30;61;36;115;76;13;78;40;160;45;40;83;106;98;303;246;240;342;120;201;254;281;133;160;243;131;205;131;289;324
Arganil;51;32;49;20;19;72;42;39;24;50;31;50;65;23;19;62;27;19;28;27;41;57;39;21;9;37;24;34;15;31;17
Armamar;4;0;6;6;23;19;12;9;11;21;13;49;25;38;64;57;94;38;61;60;63;53;45;35;92;92;40;27;37;17;18
Arouca;17;39;22;24;31;56;14;26;29;49;32;47;70;51;36;108;51;89;162;156;134;251;176;105;98;266;45;118;63;166;142
Arraiolos;6;9;4;8;0;20;0;0;0;0;0;0;0;0;37;12;13;6;0;2;3;3;5;2;5;1;5;4;7;3;1
Arronches;0;3;3;2;0;8;12;0;0;0;0;0;1;0;8;7;1;2;1;1;4;0;1;0;1;8;1;5;3;3;2
Arruda dos Vinhos;0;2;0;0;0;0;0;0;0;0;0;1;3;1;111;176;80;48;143;81;199;106;90;107;130;231;92;163;117;124;60
Aveiro;0;0;3;50;22;64;47;23;41;46;12;83;102;46;92;92;36;20;23;39;65;31;68;57;81;281;162;118;111;126;121
Avis;16;8;6;4;0;11;6;0;0;0;0;0;2;0;17;8;2;4;0;10;6;9;2;8;4;4;7;9;8;5;2
Azambuja;1;31;3;23;9;0;2;2;35;1;12;19;24;22;143;239;101;71;143;102;167;78;91;86;73;107;69;109;64;40;54
Baião;2;87;8;22;64;3;0;51;6;177;114;106;75;119;199;331;382;211;335;185;398;186;172;396;170;287;132;167;123;250;212
Barcelos;0;112;22;2;2;0;1;123;59;750;4;168;305;358;262;622;568;413;794;310;349;319;339;381;393;432;278;201;74;189;221
Barrancos;0;0;0;0;0;0;0;0;1;0;0;0;0;0;8;3;1;2;1;0;2;5;2;1;1;1;1;2;3;1;0
Barreiro;5;66;17;19;9;1;0;1;0;0;0;0;0;2;12;50;44;41;102;39;77;24;13;11;11;10;59;59;50;31;44
Batalha;0;0;6;0;0;1;0;0;4;7;3;3;3;8;27;25;13;10;9;4;8;4;3;17;7;11;15;22;12;7;10
Beja;0;13;13;4;0;12;2;6;0;0;0;0;1;1;77;18;27;13;4;2;1;10;8;8;6;4;5;10;6;2;3
Belmonte;2;0;6;13;56;64;46;12;44;100;82;78;25;34;48;77;38;32;23;44;44;11;25;24;19;21;13;5;23;17;24
Benavente;2;0;0;0;0;0;3;0;17;1;1;2;0;7;15;68;46;28;51;63;94;27;24;28;17;22;30;20;11;10;10
Bombarral;0;20;9;0;0;0;1;0;2;11;0;5;2;0;9;32;46;64;30;48;55;58;28;35;14;29;30;26;66;23;10
Borba;0;0;4;0;0;0;0;0;0;0;0;0;0;1;16;8;6;4;0;0;0;0;1;0;0;1;2;4;3;1;2
Boticas;8;30;39;15;0;59;42;44;27;75;34;34;42;27;99;81;131;151;184;131;217;156;114;162;104;220;90;126;99;332;92
Braga;5;143;2;26;102;7;0;65;31;358;1;100;86;150;119;353;332;218;350;304;196;279;217;347;140;352;290;179;71;220;181
Bragança;10;22;37;2;26;19;17;27;20;74;47;68;72;27;103;132;122;126;149;134;221;190;142;66;91;101;53;156;104;194;42
Cabeceiras de Basto;45;105;47;10;143;71;10;46;19;186;142;47;81;60;121;184;233;154;262;124;218;248;194;244;129;218;127;93;53;220;122
Cadaval;11;113;19;33;9;5;1;4;20;18;9;12;12;13;91;114;47;55;73;72;111;39;43;33;58;82;44;42;20;32;32
Caldas da Rainha;0;0;0;1;0;0;0;0;8;167;5;8;1;12;23;124;98;124;128;127;131;122;82;55;95;116;55;76;88;45;56
Caminha;6;39;29;17;52;22;9;40;10;92;42;50;84;70;33;125;159;111;68;48;87;53;102;64;67;100;73;60;54;84;154
Campo Maior;0;0;6;0;0;10;9;0;0;0;0;0;0;1;37;15;12;5;4;0;1;0;1;1;1;5;12;13;3;1;4
Cantanhede;0;0;24;20;14;65;47;31;19;58;23;31;34;29;22;51;29;42;23;17;29;25;27;36;36;79;106;32;42;42;46
Carrazeda de Ansiães;0;0;0;5;2;2;6;20;36;71;27;50;37;30;74;89;103;150;146;109;155;140;122;75;67;93;57;62;83;107;51
Carregal do Sal;0;0;20;18;15;40;23;17;12;6;42;108;94;78;81;138;45;58;75;144;98;49;49;40;42;100;34;34;24;21;35
Cartaxo;0;0;0;22;5;1;0;0;40;4;0;2;6;3;17;90;48;44;68;63;68;29;11;16;13;15;26;34;22;15;25
Cascais;0;0;0;0;0;0;6;103;101;87;32;20;39;20;38;39;261;229;297;304;301;142;165;116;176;179;171;146;101;71;110
Castanheira de Pêra;19;2;21;22;15;24;32;14;11;11;0;7;16;12;19;17;4;14;15;14;7;14;5;12;2;14;11;9;9;7;7
Castelo Branco;24;65;19;39;79;63;94;1;116;83;51;123;1;77;108;169;126;58;109;102;103;112;94;84;133;210;123;68;96;61;18
Castelo de Paiva;2;0;2;4;3;4;2;6;8;6;22;18;28;12;16;75;67;48;104;172;183;114;56;42;65;109;45;62;48;71;53
Castelo de Vide;0;0;3;2;0;2;11;0;0;0;0;0;3;3;11;15;10;10;5;3;7;10;6;12;4;3;8;3;4;2;1
Castro Daire;53;27;25;57;93;135;76;66;59;100;102;140;84;145;199;229;162;114;188;139;278;200;136;100;157;323;113;238;172;328;198
Castro Marim;0;0;1;0;0;5;0;0;1;0;0;26;31;13;36;31;28;15;12;16;5;2;13;7;9;11;11;18;21;11;7
Castro Verde;0;0;0;0;0;9;0;0;0;0;0;0;4;1;15;7;7;2;0;0;0;2;0;2;0;2;4;2;3;1;2
Celorico da Beira;8;6;24;6;33;39;12;36;73;156;117;142;131;96;258;140;104;161;149;68;140;55;93;76;29;75;32;64;65;52;65
Celorico de Basto;0;3;7;0;23;0;0;118;9;164;78;59;71;194;142;297;296;122;524;267;301;287;387;422;263;447;139;246;100;317;332
Chamusca;13;0;0;0;1;1;0;8;7;19;7;1;6;4;4;30;16;15;16;18;38;26;29;27;14;15;18;9;8;8;15
Chaves;5;31;47;2;31;6;52;18;7;68;33;73;64;64;200;174;204;211;364;127;288;219;288;104;168;299;157;113;128;305;120
Cinfães;7;0;6;12;58;10;6;31;18;37;42;79;55;209;54;341;277;180;281;120;323;37;121;160;246;490;295;306;194;677;326
Coimbra;5;61;58;43;61;195;153;144;66;58;30;64;81;56;99;167;36;28;95;99;77;98;62;84;44;132;48;97;98;86;52
Condeixa-a-Nova;0;1;20;40;15;47;14;25;10;18;7;17;18;6;9;16;3;7;6;11;27;10;13;15;3;16;19;26;23;11;13
Constância;6;1;0;8;6;2;1;8;12;9;2;10;9;1;3;31;25;26;33;40;37;33;14;15;20;11;9;10;3;3;5
Coruche;52;36;13;29;22;13;17;3;10;16;5;7;17;7;20;79;35;39;41;55;62;39;31;48;34;53;38;28;16;22;20
Covilhã;43;35;22;167;233;325;120;134;126;229;110;103;94;117;198;286;142;91;131;120;38;80;109;119;65;92;51;59;70;91;55
Crato;1;1;5;1;0;4;12;0;0;1;0;0;6;3;19;14;12;14;5;2;4;4;5;5;4;4;7;4;2;2;6
Cuba;0;0;2;4;0;7;0;0;0;0;0;0;0;1;8;4;7;1;0;0;0;2;2;1;1;1;2;1;2;0;1
Elvas;0;0;4;5;0;36;45;0;0;0;0;0;5;1;124;45;46;8;6;5;8;7;3;3;3;6;15;13;3;8;5
Entroncamento;1;3;0;0;0;0;0;1;12;1;0;0;0;1;0;16;13;9;16;12;16;7;5;2;3;6;6;6;1;3;2
Espinho;0;30;21;0;0;0;6;0;1;85;42;71;60;45;47;145;109;58;72;69;67;117;140;70;145;237;113;104;63;132;101
Esposende;0;43;17;0;5;0;0;8;5;77;2;10;19;28;14;109;62;86;100;68;45;30;28;38;53;62;100;53;25;25;33
Estarreja;1;0;0;6;10;16;1;12;23;51;10;52;90;28;31;45;46;40;38;49;51;29;64;37;48;64;36;65;37;57;72
Estremoz;3;5;7;8;0;20;0;0;0;0;0;0;2;0;19;13;11;2;2;0;2;1;3;6;3;1;14;18;9;5;13
Évora;14;0;16;3;0;26;0;0;0;0;0;1;7;4;81;33;27;14;2;5;3;16;12;15;8;11;33;17;23;13;20
Fafe;0;0;0;7;39;0;0;97;9;301;124;95;112;242;175;282;348;254;513;199;438;493;322;568;427;571;251;319;108;371;290
Faro;2;0;0;4;0;18;18;2;4;5;33;81;95;41;29;36;20;9;9;32;21;16;15;13;25;29;63;75;34;60;20
Felgueiras;32;44;16;3;23;5;0;87;6;257;81;208;186;350;154;444;400;302;594;277;507;377;331;462;416;525;314;201;146;518;519
Ferreira do Alentejo;0;0;0;2;0;4;0;0;0;1;0;0;5;1;20;16;10;4;0;0;4;2;5;3;3;7;4;3;4;2;3
Ferreira do Zêzere;3;0;11;20;17;5;8;6;15;20;3;7;1;2;4;23;14;25;17;32;29;36;15;40;29;60;33;17;23;18;17
Figueira da Foz;31;56;30;180;143;256;129;108;75;107;31;82;53;44;55;82;41;58;56;93;134;75;70;68;76;106;65;66;74;62;39
Figueira de Castelo Rodrigo;0;0;5;25;37;13;0;51;101;157;108;78;29;32;182;193;74;85;102;141;137;84;47;93;114;64;53;109;72;98;111
Figueiró dos Vinhos;9;34;22;21;20;65;29;5;13;48;6;14;30;20;60;75;46;21;37;33;59;22;25;29;36;68;25;10;11;9;8
Fornos de Algodres;7;1;8;2;14;25;8;19;32;0;56;45;49;37;70;77;44;55;79;95;93;49;78;69;38;61;32;30;33;26;26
Freixo de Espada à Cinta;0;13;0;0;1;0;1;0;1;0;0;31;22;5;39;73;48;41;81;44;72;88;31;38;44;37;16;26;33;37;17
Fronteira;0;1;0;1;0;2;0;0;0;0;0;0;0;0;0;2;1;0;0;0;1;0;0;0;2;2;2;4;0;3;1
Fundão;16;80;16;92;131;198;112;92;112;190;80;145;95;131;148;349;183;88;140;215;246;136;165;128;89;165;71;71;140;130;80
Gavião;0;1;3;7;5;0;2;0;0;0;0;0;0;0;1;11;14;16;16;53;34;13;8;11;10;16;7;5;5;11;6
Góis;10;4;10;20;32;52;39;6;15;15;18;34;27;18;27;38;15;11;15;16;38;9;13;11;14;26;17;10;11;23;10
Golegã;0;0;5;0;6;0;0;0;6;1;0;1;0;0;0;22;4;16;11;12;27;0;3;6;4;6;6;5;1;2;1
Gondomar;0;168;46;33;97;3;0;184;65;637;277;402;376;486;215;464;525;431;721;456;602;598;579;621;302;434;412;371;283;492;554
Gouveia;22;45;22;9;65;123;52;66;78;160;207;191;182;155;325;345;205;195;243;267;245;154;143;131;35;152;102;42;70;60;42
Grândola;10;0;7;7;1;8;0;0;0;0;0;0;8;9;34;43;21;22;14;11;12;20;14;13;24;37;47;50;33;24;16
Guarda;8;9;29;51;96;274;132;125;108;202;123;111;106;101;306;274;208;204;267;211;154;67;145;113;63;131;88;68;120;97;50
Guimarães;0;128;34;25;55;4;0;210;21;986;299;231;395;581;412;773;865;527;1102;648;642;783;712;865;484;769;372;338;155;438;294
Idanha-a-Nova;13;5;0;11;56;62;23;0;57;48;48;70;1;42;60;91;109;41;70;81;52;81;66;55;44;30;21;23;42;35;19
Ílhavo;0;1;6;0;3;4;8;16;19;20;11;48;60;13;41;27;7;4;10;15;63;22;38;14;16;45;30;36;35;22;47
Lagoa;0;1;0;0;0;2;5;1;3;0;18;48;46;12;23;19;17;13;6;24;5;10;9;11;16;20;23;27;25;32;22
Lagos;4;19;2;6;0;21;17;6;5;2;17;36;54;16;20;15;9;15;9;19;7;5;11;8;6;3;19;33;29;28;17
Lamego;18;6;16;45;57;52;18;30;41;113;52;61;87;118;155;199;215;136;228;155;279;240;57;146;167;328;85;189;133;112;76
Leiria;1;0;23;4;2;32;2;1;24;25;25;11;26;154;268;220;143;89;66;114;96;91;95;118;77;199;125;130;108;84;43
Lisboa;92;47;0;16;7;0;0;0;0;0;0;0;0;0;1;0;1;0;0;0;0;6;1;1;0;0;54;32;5;6;1
Loulé;0;0;0;6;0;50;16;19;9;5;36;112;146;69;53;32;22;19;33;73;20;19;15;30;27;69;134;85;72;95;50
Loures;96;31;17;15;47;0;0;0;0;0;1;15;4;10;18;28;401;245;422;493;654;481;393;415;390;338;214;208;205;161;155
Lourinhã;76;79;0;45;18;0;0;0;8;36;0;3;1;4;73;75;74;53;101;87;216;63;49;39;25;29;35;78;30;36;59
Lousã;66;7;37;43;31;44;42;68;32;56;15;56;48;23;33;57;20;9;46;48;60;35;50;13;9;57;28;20;50;42;27
Lousada;0;0;0;2;0;0;0;55;16;309;110;85;116;218;193;451;426;190;461;189;321;257;228;401;194;415;173;183;170;466;289
Mação;9;31;0;16;6;8;8;8;14;22;10;19;0;13;30;47;15;19;41;54;42;10;20;53;13;36;26;15;12;14;8
Macedo de Cavaleiros;14;3;28;4;3;11;17;22;13;27;18;36;48;23;66;120;96;65;135;95;179;136;65;48;77;107;38;94;85;100;47
Mafra;96;132;18;78;78;0;0;3;167;422;50;19;41;55;115;157;239;348;451;379;559;343;231;235;207;297;141;200;159;109;83
Maia;0;194;0;4;20;1;0;88;42;222;137;221;207;275;175;340;235;249;377;215;296;230;231;404;206;239;279;164;87;198;150
Mangualde;12;1;19;52;45;78;83;64;31;70;65;110;79;115;198;222;125;74;152;143;205;145;143;152;80;157;49;61;60;123;112
Manteigas;14;10;0;21;10;20;11;6;1;8;22;6;8;3;14;18;25;12;11;12;20;20;5;10;5;18;8;7;1;3;1
Marco de Canaveses;0;139;21;15;154;2;0;84;21;476;259;228;164;270;242;505;454;251;436;305;501;343;550;564;402;587;256;285;175;692;519
Marinha Grande;10;12;30;4;30;18;10;7;8;20;13;8;15;44;80;96;27;21;20;29;46;24;35;39;18;38;21;31;24;19;20
Marvão;0;0;0;1;0;3;1;0;0;0;0;0;3;4;0;5;0;5;2;7;5;9;5;18;4;15;10;1;8;12;12
Matosinhos;0;127;0;23;4;0;0;56;15;194;133;238;145;259;91;200;113;173;141;184;152;162;133;145;76;126;158;118;49;73;91
Mealhada;1;1;6;8;39;91;70;22;42;46;11;46;87;21;43;64;28;25;19;27;56;30;27;22;47;57;36;47;31;40;40
Meda;2;0;11;8;25;18;33;56;71;162;121;139;36;44;228;109;91;189;199;140;153;128;85;87;57;89;52;60;59;139;55
Melgaço;6;15;22;10;15;26;1;15;18;94;43;19;40;52;74;123;73;117;42;80;81;78;82;55;69;111;35;62;28;81;24
Mértola;2;5;10;4;0;15;0;4;0;0;0;0;10;7;35;17;18;17;9;5;7;22;32;7;16;23;9;16;11;13;10
Mesão Frio;0;0;17;1;0;7;3;8;0;1;2;1;14;14;22;71;48;48;32;32;25;35;47;9;17;35;19;22;12;44;37
Mira;1;4;1;5;7;40;30;15;13;35;4;22;16;18;20;34;7;5;17;20;20;21;11;11;14;22;11;6;23;7;6
Miranda do Corvo;10;2;24;14;13;46;39;34;26;50;6;30;35;24;61;52;28;21;36;59;72;56;41;33;31;63;42;20;47;69;44
Miranda do Douro;0;22;0;0;0;0;0;1;0;0;0;17;12;7;24;53;15;10;35;23;40;50;21;16;24;31;20;34;23;56;28
Mirandela;1;15;36;0;21;28;26;23;27;34;17;32;34;18;31;81;76;76;121;81;145;126;98;71;82;72;65;95;82;92;71
Mogadouro;0;25;31;1;2;0;8;10;0;3;2;36;27;14;60;106;48;56;87;76;93;95;50;29;50;49;44;98;86;95;43
Moimenta da Beira;10;4;7;14;50;63;13;11;39;79;20;49;40;58;76;89;94;53;110;66;103;69;62;55;72;83;33;56;38;66;31
Moita;2;13;0;15;7;0;0;0;0;0;0;0;2;3;6;75;53;71;141;106;163;48;36;44;44;30;76;50;69;71;66
Monção;28;144;28;63;140;77;17;50;22;208;61;74;56;81;55;158;158;180;196;80;128;110;96;69;175;199;56;95;48;265;291
Monchique;1;49;9;10;2;16;18;13;15;19;9;32;32;34;43;38;15;18;31;42;41;34;40;31;32;27;21;26;23;25;15
Mondim de Basto;4;35;25;11;40;31;16;36;14;70;10;14;44;26;60;116;77;58;158;69;170;119;94;80;64;155;67;35;29;71;69
Monforte;0;0;0;2;0;4;2;0;0;0;0;0;2;0;8;3;8;2;1;0;0;0;0;0;1;0;3;4;0;0;1
Montalegre;26;42;16;9;49;41;18;30;13;92;37;26;18;43;149;184;288;261;317;165;300;259;279;162;192;382;138;232;144;473;170
Montemor-o-Novo;11;0;25;2;0;20;0;0;0;0;0;0;9;0;0;51;36;4;7;6;6;6;8;24;9;12;19;13;11;6;8
Montemor-o-Velho;0;8;23;14;13;51;39;25;12;56;12;32;21;21;76;34;17;12;18;20;49;19;30;19;22;40;66;30;25;41;27
Montijo;12;16;12;0;0;0;0;0;0;1;0;0;1;5;13;71;93;55;148;89;172;101;101;114;130;57;97;98;85;82;53
Mora;5;1;5;0;0;4;2;0;0;1;0;0;4;1;9;10;9;5;4;2;2;3;6;0;3;0;5;9;3;5;3
Mortágua;1;0;5;10;12;3;13;5;9;5;24;18;16;11;16;25;14;14;30;24;25;14;6;9;10;42;15;15;12;13;26
Moura;1;0;0;0;0;18;2;0;0;0;0;0;2;3;28;10;9;9;6;0;2;7;2;5;1;3;4;5;1;2;0
Mourão;0;4;3;2;0;5;0;0;0;0;0;0;0;0;7;4;2;3;1;0;1;1;1;1;0;0;3;2;2;0;2
Murça;13;38;26;4;24;40;8;4;4;57;27;50;44;18;66;81;41;45;106;57;123;133;70;43;58;87;36;37;61;75;40
Murtosa;0;1;0;0;0;0;0;8;7;9;2;7;8;3;10;17;9;3;12;7;10;28;22;18;13;28;18;14;6;15;11
Nazaré;2;0;0;1;2;3;1;1;11;99;3;8;6;4;35;32;23;33;19;54;38;40;30;9;11;45;19;17;26;13;7
Nelas;4;14;6;16;60;53;12;24;9;27;38;42;47;56;91;172;81;106;171;125;101;146;80;90;84;170;56;46;46;66;55
Nisa;0;18;6;0;0;2;14;0;0;0;0;0;13;5;45;24;9;8;8;4;8;9;7;13;5;11;12;4;7;11;2
Óbidos;0;0;7;5;8;0;0;0;1;70;1;0;1;4;22;55;59;73;48;46;74;40;41;32;48;82;20;56;42;34;35
Odemira;1;0;17;2;0;18;11;21;27;4;4;0;30;5;64;78;31;28;51;19;22;35;22;50;39;48;21;32;21;27;20
Odivelas;0;0;0;0;0;0;0;0;0;0;0;0;0;0;0;0;0;0;0;134;256;0;162;139;99;90;102;101;87;102;123
Oeiras;3;7;1;6;42;1;0;0;0;0;0;0;0;1;3;2;213;204;212;160;279;102;78;42;73;38;97;40;44;48;36
Oleiros;17;73;25;51;46;54;36;0;17;24;12;48;1;23;29;35;33;23;27;26;24;36;17;45;5;34;11;18;22;11;8
Olhão;0;0;0;0;0;1;1;1;1;0;23;66;77;34;18;18;26;6;15;25;7;8;12;3;11;19;53;62;47;55;24
Oliveira de Azeméis;1;0;0;1;6;2;13;0;1;95;60;53;116;52;79;141;117;72;125;172;278;210;230;178;149;493;86;110;79;186;354
Oliveira de Frades;12;44;16;44;44;80;36;40;13;33;60;97;76;68;25;80;39;56;17;43;55;104;125;77;93;82;26;63;23;36;79
Oliveira do Bairro;0;9;14;0;0;12;13;8;31;25;4;25;29;13;44;36;13;9;8;16;26;26;32;24;19;63;37;49;40;39;48
Oliveira do Hospital;7;3;34;121;84;203;110;43;42;118;75;105;132;80;63;88;34;31;55;43;49;90;74;51;55;103;58;57;49;78;99
Ourém;26;17;0;15;0;1;16;30;102;12;32;24;32;19;59;272;172;178;167;277;223;111;152;115;113;224;151;90;105;81;40
Ourique;0;7;5;0;0;0;6;18;17;0;3;0;7;2;24;14;18;9;9;3;4;8;6;15;11;12;4;9;10;6;6
Ovar;4;52;13;44;66;113;95;52;74;125;35;81;245;149;145;199;130;108;150;124;120;142;291;205;130;245;59;108;61;111;108
Paços de Ferreira;0;41;7;8;4;1;0;56;32;426;192;215;174;380;266;548;628;381;646;352;396;461;373;642;290;424;253;183;121;545;273
Palmela;1;3;0;5;6;0;0;0;0;0;0;2;16;9;36;122;107;86;172;123;202;77;170;105;110;128;176;133;111;85;102
Pampilhosa da Serra;6;3;16;13;9;21;17;16;7;32;12;38;26;23;10;25;17;20;24;22;38;33;27;19;18;29;9;8;13;13;11
Paredes;0;92;23;45;41;6;0;0;0;0;0;0;0;0;0;0;834;615;1150;730;776;747;777;1045;484;1041;563;324;224;689;779
Paredes de Coura;3;45;10;29;71;17;5;163;68;877;377;354;421;637;442;996;106;105;84;39;45;124;89;55;91;88;72;92;29;96;175
Pedrógão Grande;6;0;23;23;12;100;34;13;7;22;4;26;35;33;60;60;27;23;16;29;25;25;19;28;25;95;13;15;16;26;14
Penacova;1;3;13;10;21;43;29;14;12;9;30;62;39;41;37;65;25;19;30;60;22;39;35;18;18;65;32;25;28;34;56
Penafiel;48;67;13;8;64;12;0;74;23;337;168;213;235;326;323;820;605;455;743;421;852;582;642;641;408;828;371;367;215;744;645
Penalva do Castelo;11;70;32;25;43;49;52;26;27;46;56;26;44;39;119;119;50;53;128;106;53;59;35;40;31;45;20;20;19;31;16
Penamacor;1;0;8;1;21;51;41;0;91;37;66;77;0;36;81;90;59;56;82;102;74;43;42;30;30;46;32;26;30;34;22
Penedono;8;1;9;28;49;32;13;10;48;50;23;19;29;37;101;57;65;42;72;23;88;25;28;45;53;62;6;28;27;23;17
Penela;1;1;10;16;11;27;32;23;11;28;12;28;42;13;19;41;13;13;18;17;15;27;8;13;14;20;13;11;15;15;12
Peniche;0;6;5;4;12;0;0;0;3;72;0;2;0;0;2;40;54;40;59;82;77;61;30;23;39;35;23;32;34;47;22
Peso da Régua;2;35;0;0;10;21;14;23;17;29;18;18;22;22;57;128;85;83;138;84;136;91;116;52;72;136;62;58;31;80;43
Pinhel;1;29;11;23;82;78;11;26;32;82;77;74;34;47;182;107;108;138;152;130;120;87;60;84;50;58;33;111;60;106;73
Pombal;10;87;101;37;99;175;178;90;43;147;12;138;286;161;189;232;126;78;82;85;130;107;196;174;136;263;139;80;72;57;58
Ponte da Barca;2;0;18;0;41;9;5;34;33;124;25;40;67;36;81;213;174;166;171;115;217;128;256;69;108;239;107;146;65;251;258
Ponte de Lima;11;302;44;27;131;44;18;91;29;304;126;92;96;210;93;293;286;315;396;224;304;285;474;196;320;422;174;206;68;324;376
Ponte de Sôr;0;28;12;2;7;0;6;1;0;0;0;0;21;1;59;51;30;15;17;18;32;10;22;14;22;20;16;23;11;10;4
Portalegre;1;0;10;5;42;65;50;0;0;0;0;0;9;7;44;30;14;33;9;6;13;10;12;13;7;13;8;17;18;16;11
Portel;4;3;4;0;0;0;1;0;0;0;0;0;2;0;18;5;15;5;0;0;3;9;7;7;4;10;18;6;7;4;1
Portimão;0;4;4;3;3;11;17;9;10;2;14;51;57;26;29;25;14;10;10;34;11;5;13;13;10;18;52;40;28;38;32
Porto;0;0;0;0;0;0;0;73;21;81;67;79;14;0;0;0;0;0;0;0;0;1;0;0;0;0;0;0;0;0;0
Porto de Mós;0;0;0;0;0;1;0;0;23;28;16;4;1;28;97;117;80;28;40;30;73;64;62;97;46;95;50;42;26;52;24
Póvoa de Lanhoso;0;0;10;19;24;25;0;109;7;368;177;80;85;113;110;291;260;184;414;195;216;349;371;349;179;332;193;133;88;251;207
Póvoa de Varzim;0;33;8;2;0;0;0;16;6;104;20;58;27;73;34;120;79;61;58;48;44;51;53;96;96;139;101;51;32;35;109
Proença-a-Nova;0;1;4;3;3;8;12;0;9;13;24;21;0;17;5;29;39;7;18;26;21;15;23;13;10;37;56;32;44;8;10
Redondo;3;0;5;2;0;5;0;0;0;0;0;0;1;1;9;5;7;2;0;2;0;1;7;1;2;1;5;2;3;5;1
Reguengos de Monsaraz;4;15;8;0;1;6;0;0;0;0;0;1;1;0;17;8;9;8;2;0;0;2;5;0;2;6;14;8;11;3;7
Resende;0;0;1;8;20;5;8;8;7;22;19;28;25;81;36;122;130;34;104;83;176;20;121;105;140;222;85;177;90;298;168
Ribeira de Pena;46;132;40;18;51;43;31;56;6;67;46;45;82;49;31;122;164;76;151;98;186;80;180;172;65;163;56;86;57;210;140
Rio Maior;15;34;0;22;0;2;0;0;39;33;2;9;4;10;19;109;44;51;75;59;86;45;92;120;51;52;18;32;23;38;12
Sabrosa;4;8;17;27;64;33;4;21;18;51;30;72;61;49;105;120;75;82;145;84;81;98;119;68;65;69;57;39;36;107;40
Sabugal;15;0;31;110;136;248;106;88;150;230;129;116;64;73;189;279;169;130;164;157;186;97;119;98;119;150;84;62;103;159;56
Salvaterra de Magos;0;9;0;4;0;0;0;0;5;4;7;5;10;8;29;49;54;34;41;40;45;28;51;50;56;49;33;34;25;20;27
Santa Comba Dão;10;25;16;30;41;73;20;15;13;17;21;87;49;57;77;128;60;52;68;118;70;53;24;30;19;101;36;22;25;23;19
Santa Maria da Feira;0;1;18;0;149;1;22;0;0;395;408;367;395;288;249;629;525;294;462;417;617;507;518;402;592;1736;401;444;249;625;594
Santa Marta de Penaguião;1;18;17;2;22;19;15;30;17;45;10;56;46;26;79;103;93;113;112;79;130;103;111;66;77;99;36;64;26;64;35
Santarém;20;41;17;66;10;1;1;1;73;5;7;15;15;5;51;241;141;94;164;153;239;90;129;156;118;150;87;70;98;53;40
Santiago do Cacém;24;19;14;11;5;39;0;0;0;0;0;0;14;9;53;80;50;27;24;8;8;43;35;37;30;55;54;55;56;34;34
Santo Tirso;0;65;11;3;26;0;0;200;64;783;568;411;368;515;302;781;743;469;785;296;522;516;468;542;352;545;430;206;123;463;445
São Brás de Alportel;2;0;0;0;0;18;10;7;12;3;10;25;25;32;17;24;15;8;6;15;10;7;5;10;7;25;33;9;16;16;7
São João da Madeira;0;0;0;0;3;0;0;0;0;69;0;17;31;62;25;31;17;18;26;14;10;1;5;6;6;62;9;33;4;6;10
São João da Pesqueira;6;0;22;7;32;34;15;14;45;61;16;42;45;54;131;113;115;106;161;81;194;86;68;67;89;117;59;105;34;20;19
São Pedro do Sul;28;28;56;30;69;87;56;95;51;87;118;129;120;104;117;109;95;105;46;54;120;89;59;74;49;89;46;29;21;76;75
Sardoal;3;0;0;6;2;0;1;3;4;2;1;2;4;4;0;46;15;15;29;16;20;14;11;15;8;34;11;15;12;8;2
Sátão;8;15;9;19;23;57;19;14;13;12;37;30;38;60;63;56;57;55;72;58;70;64;33;59;37;124;65;35;41;93;43
Seia;7;5;16;41;50;77;43;50;43;187;219;168;160;125;246;328;222;223;312;166;203;89;190;208;51;270;85;78;75;64;49
Seixal;4;65;0;29;82;0;0;0;0;0;0;0;3;31;7;165;95;86;145;109;165;91;116;110;94;71;132;147;151;111;110
Sernancelhe;5;0;6;6;36;29;14;12;48;46;33;21;33;24;86;80;64;69;86;73;101;56;58;50;56;85;21;34;25;37;34
Serpa;4;0;7;1;0;13;0;0;0;0;0;0;5;2;17;12;6;2;2;1;3;7;7;6;9;2;6;7;3;6;3
Sertã;24;40;19;45;15;46;97;0;30;42;45;78;0;76;66;126;84;41;58;54;22;20;75;71;17;91;68;33;47;34;43
Sesimbra;9;51;15;7;1;0;0;0;0;0;0;0;26;44;5;81;53;40;110;60;92;52;53;50;50;60;61;63;67;60;76
Setúbal;3;7;15;38;25;0;0;0;0;0;0;0;24;10;20;71;33;39;78;65;123;63;90;61;50;45;135;127;75;77;55
Sever do Vouga;2;1;2;1;30;38;7;20;30;41;5;47;68;35;32;52;29;30;33;84;59;33;79;40;99;68;62;86;72;67;125
Silves;1;22;8;12;0;37;29;5;11;10;32;146;100;48;46;45;37;26;23;73;20;29;44;27;25;39;96;61;68;77;38
Sines;28;41;15;12;0;11;0;0;0;0;0;0;7;1;37;28;29;11;17;7;11;19;13;10;14;18;18;16;23;16;11
Sintra;40;38;20;15;11;7;15;99;112;84;49;30;17;67;128;58;438;397;542;467;865;389;359;392;427;363;289;359;319;221;357
Sobral de Monte Agraço;12;8;0;2;4;0;0;0;0;0;0;4;4;8;146;154;56;46;141;56;164;65;49;65;91;118;64;62;43;34;26
Soure;1;0;27;28;5;59;55;6;24;57;31;41;38;38;37;76;38;30;51;63;73;20;46;41;60;77;38;42;42;31;24
Sousel;0;1;0;0;0;0;1;0;0;0;0;0;1;0;8;1;3;0;0;0;1;1;0;1;0;1;2;2;2;1;1
Tábua;29;16;54;126;66;162;102;30;40;78;88;153;97;66;69;65;47;42;66;36;62;76;65;40;37;89;54;35;25;35;44
Tabuaço;0;0;2;23;16;4;6;9;6;35;8;13;37;24;37;32;56;25;20;51;37;24;29;22;57;43;13;32;21;19;26
Tarouca;5;18;4;35;52;38;37;34;68;80;58;38;56;48;89;143;95;67;136;98;93;64;29;44;59;100;43;68;46;66;43
Tavira;2;1;1;3;0;4;6;10;14;7;23;57;71;40;47;53;31;36;32;46;21;25;33;22;20;32;65;47;36;34;29
Terras de Bouro;5;6;4;1;11;1;0;14;13;41;0;20;29;42;24;138;108;90;119;100;123;183;101;93;65;133;106;112;32;112;61
Tomar;3;0;0;5;5;2;22;53;68;48;39;24;21;22;27;120;98;96;114;188;197;49;108;83;82;122;79;63;61;63;29
Tondela;12;66;19;68;162;166;110;51;37;122;111;90;98;88;101;178;116;73;147;125;141;161;83;131;83;224;133;109;75;78;151
Torre de Moncorvo;2;5;0;0;2;2;8;19;8;10;7;37;23;46;99;151;82;125;219;79;180;138;63;58;104;70;36;66;59;84;67
Torres Novas;18;6;0;19;21;5;0;1;35;16;1;10;11;11;9;84;52;49;69;94;88;30;49;32;71;50;43;32;19;20;25
Torres Vedras;35;68;0;24;25;0;0;1;16;53;2;3;32;69;174;270;171;187;254;194;333;270;249;280;314;320;182;277;133;106;184
Trancoso;11;1;27;6;50;161;72;73;63;141;83;101;32;95;216;93;142;109;151;151;83;60;89;68;51;121;50;78;104;147;57
Trofa;0;0;0;0;0;0;0;0;0;0;0;0;0;0;0;0;0;0;0;95;97;73;79;130;75;159;91;52;60;256;132
Vagos;1;28;12;0;1;0;8;49;20;17;3;39;50;21;43;56;13;6;16;20;29;19;24;17;22;56;35;34;23;31;32
Vale de Cambra;0;63;9;14;25;23;8;31;5;25;31;22;123;33;27;120;61;52;95;117;143;141;101;58;187;273;105;105;59;107;201
Valença;7;87;57;76;127;8;8;85;24;167;40;135;117;163;108;288;181;220;179;124;136;154;142;89;206;246;142;117;68;262;132
Valongo;0;12;12;51;67;7;0;97;23;222;91;148;161;165;95;198;201;188;299;153;170;177;193;233;135;223;90;98;110;170;221
Valpaços;5;8;3;3;26;43;14;32;12;66;47;106;56;27;134;197;237;200;323;147;283;181;182;151;164;213;173;135;155;301;167
Vendas Novas;6;6;8;5;0;8;0;0;0;0;0;0;7;0;29;50;21;2;4;4;1;5;12;4;4;0;16;8;3;8;4
Viana do Alentejo;0;0;0;0;0;8;0;0;0;1;0;0;3;0;15;6;5;3;0;0;1;1;2;2;1;3;4;5;3;1;7
Viana do Castelo;5;263;40;22;82;26;19;74;48;390;73;136;141;195;66;304;196;430;352;305;366;402;276;138;232;533;200;155;74;191;340
Vidigueira;0;0;7;0;0;5;0;0;0;0;0;0;2;1;16;11;4;2;1;0;1;0;6;3;3;2;14;10;10;6;3
Vieira do Minho;8;21;18;6;19;19;2;42;18;131;50;28;61;81;64;205;162;156;243;124;213;238;270;213;224;304;169;193;83;263;171
Vila de Rei;1;0;6;2;2;13;2;0;6;3;1;13;1;8;3;14;10;13;18;12;6;22;15;13;10;8;10;7;5;4;4
Vila do Bispo;3;0;1;2;0;22;7;8;6;5;10;13;18;10;22;11;8;5;13;9;7;3;2;10;4;8;29;14;7;11;7
Vila do Conde;0;0;9;5;16;0;0;47;48;194;134;190;198;241;67;355;177;203;246;156;117;156;199;289;246;408;134;133;84;206;220
Vila Flor;2;0;3;0;1;2;4;8;5;20;12;13;19;15;52;43;58;44;65;41;89;83;53;50;52;39;37;43;35;52;26
Vila Franca de Xira;0;1;13;0;2;0;0;0;0;0;0;0;0;0;2;6;110;92;171;146;193;141;180;195;167;151;135;97;89;54;86
Vila Nova da Barquinha;3;0;5;7;8;2;2;4;28;24;4;8;12;1;11;30;27;18;27;39;40;14;25;18;25;38;24;14;17;10;7
Vila Nova de Cerveira;27;67;45;26;69;24;18;53;9;89;62;31;51;85;69;116;75;95;175;65;66;48;135;42;88;68;51;44;22;34;30
Vila Nova de Famalicão;0;197;16;0;1;0;0;270;48;675;1;220;310;477;374;898;569;439;633;322;353;413;384;474;252;699;448;290;113;188;156
Vila Nova de Foz Côa;1;0;1;0;11;59;51;59;94;131;1;1;0;21;57;80;84;133;163;112;195;91;44;66;143;75;48;63;85;88;40
Vila Nova de Gaia;0;218;34;19;93;6;0;280;86;716;558;535;755;680;255;414;641;492;473;447;451;506;555;618;392;797;576;380;217;466;422
Vila Nova de Paiva;31;47;6;47;75;109;11;28;21;66;62;54;62;75;97;118;112;65;144;76;107;136;104;82;98;280;55;140;102;157;131
Vila Nova de Poiares;12;4;22;7;7;16;21;26;9;23;21;64;61;2;4;16;8;4;12;7;14;16;16;14;11;28;23;11;13;18;25
Vila Pouca de Aguiar;36;20;47;12;16;66;37;23;14;83;62;70;49;55;103;179;194;131;304;109;249;196;163;119;157;225;74;122;112;255;172
Vila Real;17;24;25;85;120;166;130;116;93;240;123;151;163;71;180;399;430;303;483;264;412;416;305;101;225;286;99;174;123;279;152
Vila Real de Santo António;6;0;0;1;1;2;2;3;4;1;25;40;25;24;24;27;21;9;17;11;9;6;10;5;14;6;27;13;16;16;9
Vila Velha de Ródão;2;2;9;7;3;1;13;0;17;5;16;19;0;15;26;36;23;10;14;27;7;13;13;12;13;34;23;18;41;18;16
Vila Verde;0;0;17;0;0;0;0;24;17;184;5;45;119;162;98;238;312;361;290;171;237;226;341;268;268;364;230;248;120;295;217
Vila Viçosa;2;0;5;1;0;9;0;0;0;0;0;0;3;0;38;9;7;6;2;0;0;1;2;3;0;1;6;4;4;1;2
Vimioso;0;18;0;4;1;0;0;2;6;1;1;32;38;14;55;118;70;54;76;62;83;63;62;36;34;46;13;31;33;50;33
Vinhais;19;13;55;10;22;11;33;68;43;126;47;65;34;13;83;133;130;92;170;121;229;164;107;100;73;140;39;95;70;114;62
Viseu;72;8;87;167;300;371;201;270;143;397;190;318;329;235;363;610;347;381;541;294;387;357;316;320;178;457;210;129;146;245;424
Vizela;0;0;0;0;0;0;0;0;0;0;0;0;0;0;0;0;0;0;0;75;106;161;112;60;76;77;63;69;31;48;28
Vouzela;15;12;33;18;16;52;35;69;16;81;53;72;46;43;63;83;48;92;46;28;74;64;41;48;50;102;15;45;22;24;38
